Domain,Area,Element,Item,Year,Unit,Value
"Food Balances (2010-)","Pakistan","Food supply quantity (kg/capita/yr)","Wheat and products","2015","kg/cap","104.15"
"Food Balances (2010-)","Pakistan","Food supply quantity (kg/capita/yr)","Wheat and products","2016","kg/cap","103.76"
"Food Balances (2010-)","Pakistan","Food supply quantity (kg/capita/yr)","Wheat and products","2017","kg/cap","104.15"
"Food Balances (2010-)","Pakistan","Food supply quantity (kg/capita/yr)","Wheat and products","2018","kg/cap","99.4"
"Food Balances (2010-)","Pakistan","Food supply quantity (kg/capita/yr)","Wheat and products","2019","kg/cap","93.57"
"Food Balances (2010-)","Pakistan","Food supply quantity (kg/capita/yr)","Wheat and products","2020","kg/cap","101.89"
"Food Balances (2010-)","Pakistan","Food supply quantity (kg/capita/yr)","Wheat and products","2021","kg/cap","103.99"
"Food Balances (2010-)","Pakistan","Food supply quantity (kg/capita/yr)","Wheat and products","2022","kg/cap","102.95"
"Food Balances (2010-)","Pakistan","Food supply quantity (kg/capita/yr)","Rice and products","2015","kg/cap","19.01"
"Food Balances (2010-)","Pakistan","Food supply quantity (kg/capita/yr)","Rice and products","2016","kg/cap","19.05"
"Food Balances (2010-)","Pakistan","Food supply quantity (kg/capita/yr)","Rice and products","2017","kg/cap","19.19"
"Food Balances (2010-)","Pakistan","Food supply quantity (kg/capita/yr)","Rice and products","2018","kg/cap","19.47"
"Food Balances (2010-)","Pakistan","Food supply quantity (kg/capita/yr)","Rice and products","2019","kg/cap","19.13"
"Food Balances (2010-)","Pakistan","Food supply quantity (kg/capita/yr)","Rice and products","2020","kg/cap","19.15"
"Food Balances (2010-)","Pakistan","Food supply quantity (kg/capita/yr)","Rice and products","2021","kg/cap","25.21"
"Food Balances (2010-)","Pakistan","Food supply quantity (kg/capita/yr)","Rice and products","2022","kg/cap","17.74"
"Food Balances (2010-)","Pakistan","Food supply quantity (kg/capita/yr)","Barley and products","2015","kg/cap","0.28"
"Food Balances (2010-)","Pakistan","Food supply quantity (kg/capita/yr)","Barley and products","2016","kg/cap","0.39"
"Food Balances (2010-)","Pakistan","Food supply quantity (kg/capita/yr)","Barley and products","2017","kg/cap","0.24"
"Food Balances (2010-)","Pakistan","Food supply quantity (kg/capita/yr)","Barley and products","2018","kg/cap","0.26"
"Food Balances (2010-)","Pakistan","Food supply quantity (kg/capita/yr)","Barley and products","2019","kg/cap","0.23"
"Food Balances (2010-)","Pakistan","Food supply quantity (kg/capita/yr)","Barley and products","2020","kg/cap","0.19"
"Food Balances (2010-)","Pakistan","Food supply quantity (kg/capita/yr)","Barley and products","2021","kg/cap","0.16"
"Food Balances (2010-)","Pakistan","Food supply quantity (kg/capita/yr)","Barley and products","2022","kg/cap","0.14"
"Food Balances (2010-)","Pakistan","Food supply quantity (kg/capita/yr)","Maize and products","2015","kg/cap","18.28"
"Food Balances (2010-)","Pakistan","Food supply quantity (kg/capita/yr)","Maize and products","2016","kg/cap","19.14"
"Food Balances (2010-)","Pakistan","Food supply quantity (kg/capita/yr)","Maize and products","2017","kg/cap","19.44"
"Food Balances (2010-)","Pakistan","Food supply quantity (kg/capita/yr)","Maize and products","2018","kg/cap","20.46"
"Food Balances (2010-)","Pakistan","Food supply quantity (kg/capita/yr)","Maize and products","2019","kg/cap","22.69"
"Food Balances (2010-)","Pakistan","Food supply quantity (kg/capita/yr)","Maize and products","2020","kg/cap","15.82"
"Food Balances (2010-)","Pakistan","Food supply quantity (kg/capita/yr)","Maize and products","2021","kg/cap","6.46"
"Food Balances (2010-)","Pakistan","Food supply quantity (kg/capita/yr)","Maize and products","2022","kg/cap","8.43"
"Food Balances (2010-)","Pakistan","Food supply quantity (kg/capita/yr)","Millet and products","2015","kg/cap","0.71"
"Food Balances (2010-)","Pakistan","Food supply quantity (kg/capita/yr)","Millet and products","2016","kg/cap","0.66"
"Food Balances (2010-)","Pakistan","Food supply quantity (kg/capita/yr)","Millet and products","2017","kg/cap","0.71"
"Food Balances (2010-)","Pakistan","Food supply quantity (kg/capita/yr)","Millet and products","2018","kg/cap","0.74"
"Food Balances (2010-)","Pakistan","Food supply quantity (kg/capita/yr)","Millet and products","2019","kg/cap","0.76"
"Food Balances (2010-)","Pakistan","Food supply quantity (kg/capita/yr)","Millet and products","2020","kg/cap","0.5"
"Food Balances (2010-)","Pakistan","Food supply quantity (kg/capita/yr)","Millet and products","2021","kg/cap","0.44"
"Food Balances (2010-)","Pakistan","Food supply quantity (kg/capita/yr)","Millet and products","2022","kg/cap","0.49"
"Food Balances (2010-)","Pakistan","Food supply quantity (kg/capita/yr)","Sorghum and products","2015","kg/cap","0.76"
"Food Balances (2010-)","Pakistan","Food supply quantity (kg/capita/yr)","Sorghum and products","2016","kg/cap","1.17"
"Food Balances (2010-)","Pakistan","Food supply quantity (kg/capita/yr)","Sorghum and products","2017","kg/cap","0.61"
"Food Balances (2010-)","Pakistan","Food supply quantity (kg/capita/yr)","Sorghum and products","2018","kg/cap","0.73"
"Food Balances (2010-)","Pakistan","Food supply quantity (kg/capita/yr)","Sorghum and products","2019","kg/cap","0.47"
"Food Balances (2010-)","Pakistan","Food supply quantity (kg/capita/yr)","Sorghum and products","2020","kg/cap","0.37"
"Food Balances (2010-)","Pakistan","Food supply quantity (kg/capita/yr)","Sorghum and products","2021","kg/cap","0.26"
"Food Balances (2010-)","Pakistan","Food supply quantity (kg/capita/yr)","Sorghum and products","2022","kg/cap","0.19"
"Food Balances (2010-)","Pakistan","Food supply quantity (kg/capita/yr)","Cereals, other","2015","kg/cap","0.23"
"Food Balances (2010-)","Pakistan","Food supply quantity (kg/capita/yr)","Cereals, other","2016","kg/cap","0.24"
"Food Balances (2010-)","Pakistan","Food supply quantity (kg/capita/yr)","Cereals, other","2017","kg/cap","0.25"
"Food Balances (2010-)","Pakistan","Food supply quantity (kg/capita/yr)","Cereals, other","2018","kg/cap","0.26"
"Food Balances (2010-)","Pakistan","Food supply quantity (kg/capita/yr)","Cereals, other","2019","kg/cap","0.27"
"Food Balances (2010-)","Pakistan","Food supply quantity (kg/capita/yr)","Cereals, other","2020","kg/cap","0.14"
"Food Balances (2010-)","Pakistan","Food supply quantity (kg/capita/yr)","Cereals, other","2021","kg/cap","0.02"
"Food Balances (2010-)","Pakistan","Food supply quantity (kg/capita/yr)","Cereals, other","2022","kg/cap","0"
"Food Balances (2010-)","Pakistan","Food supply quantity (kg/capita/yr)","Cassava and products","2015","kg/cap","0"
"Food Balances (2010-)","Pakistan","Food supply quantity (kg/capita/yr)","Cassava and products","2016","kg/cap","0"
"Food Balances (2010-)","Pakistan","Food supply quantity (kg/capita/yr)","Cassava and products","2017","kg/cap","0"
"Food Balances (2010-)","Pakistan","Food supply quantity (kg/capita/yr)","Cassava and products","2018","kg/cap","0"
"Food Balances (2010-)","Pakistan","Food supply quantity (kg/capita/yr)","Cassava and products","2019","kg/cap","0"
"Food Balances (2010-)","Pakistan","Food supply quantity (kg/capita/yr)","Cassava and products","2020","kg/cap","0"
"Food Balances (2010-)","Pakistan","Food supply quantity (kg/capita/yr)","Cassava and products","2021","kg/cap","0.02"
"Food Balances (2010-)","Pakistan","Food supply quantity (kg/capita/yr)","Cassava and products","2022","kg/cap","0.02"
"Food Balances (2010-)","Pakistan","Food supply quantity (kg/capita/yr)","Potatoes and products","2015","kg/cap","13.56"
"Food Balances (2010-)","Pakistan","Food supply quantity (kg/capita/yr)","Potatoes and products","2016","kg/cap","13.82"
"Food Balances (2010-)","Pakistan","Food supply quantity (kg/capita/yr)","Potatoes and products","2017","kg/cap","12.82"
"Food Balances (2010-)","Pakistan","Food supply quantity (kg/capita/yr)","Potatoes and products","2018","kg/cap","14.24"
"Food Balances (2010-)","Pakistan","Food supply quantity (kg/capita/yr)","Potatoes and products","2019","kg/cap","15.21"
"Food Balances (2010-)","Pakistan","Food supply quantity (kg/capita/yr)","Potatoes and products","2020","kg/cap","14.83"
"Food Balances (2010-)","Pakistan","Food supply quantity (kg/capita/yr)","Potatoes and products","2021","kg/cap","18.86"
"Food Balances (2010-)","Pakistan","Food supply quantity (kg/capita/yr)","Potatoes and products","2022","kg/cap","23.8"
"Food Balances (2010-)","Pakistan","Food supply quantity (kg/capita/yr)","Sweet potatoes","2015","kg/cap","0.04"
"Food Balances (2010-)","Pakistan","Food supply quantity (kg/capita/yr)","Sweet potatoes","2016","kg/cap","0.05"
"Food Balances (2010-)","Pakistan","Food supply quantity (kg/capita/yr)","Sweet potatoes","2017","kg/cap","0.05"
"Food Balances (2010-)","Pakistan","Food supply quantity (kg/capita/yr)","Sweet potatoes","2018","kg/cap","0.05"
"Food Balances (2010-)","Pakistan","Food supply quantity (kg/capita/yr)","Sweet potatoes","2019","kg/cap","0.06"
"Food Balances (2010-)","Pakistan","Food supply quantity (kg/capita/yr)","Sweet potatoes","2020","kg/cap","0.06"
"Food Balances (2010-)","Pakistan","Food supply quantity (kg/capita/yr)","Sweet potatoes","2021","kg/cap","0.06"
"Food Balances (2010-)","Pakistan","Food supply quantity (kg/capita/yr)","Sweet potatoes","2022","kg/cap","0.06"
"Food Balances (2010-)","Pakistan","Food supply quantity (kg/capita/yr)","Sugar cane","2015","kg/cap","1.35"
"Food Balances (2010-)","Pakistan","Food supply quantity (kg/capita/yr)","Sugar cane","2016","kg/cap","0.51"
"Food Balances (2010-)","Pakistan","Food supply quantity (kg/capita/yr)","Sugar cane","2017","kg/cap","1.14"
"Food Balances (2010-)","Pakistan","Food supply quantity (kg/capita/yr)","Sugar cane","2018","kg/cap","0.93"
"Food Balances (2010-)","Pakistan","Food supply quantity (kg/capita/yr)","Sugar cane","2019","kg/cap","0.6"
"Food Balances (2010-)","Pakistan","Food supply quantity (kg/capita/yr)","Sugar cane","2020","kg/cap","4.54"
"Food Balances (2010-)","Pakistan","Food supply quantity (kg/capita/yr)","Sugar cane","2021","kg/cap","4.36"
"Food Balances (2010-)","Pakistan","Food supply quantity (kg/capita/yr)","Sugar cane","2022","kg/cap","1.11"
"Food Balances (2010-)","Pakistan","Food supply quantity (kg/capita/yr)","Sugar non-centrifugal","2015","kg/cap","1.62"
"Food Balances (2010-)","Pakistan","Food supply quantity (kg/capita/yr)","Sugar non-centrifugal","2016","kg/cap","1.85"
"Food Balances (2010-)","Pakistan","Food supply quantity (kg/capita/yr)","Sugar non-centrifugal","2017","kg/cap","1.01"
"Food Balances (2010-)","Pakistan","Food supply quantity (kg/capita/yr)","Sugar non-centrifugal","2018","kg/cap","0.91"
"Food Balances (2010-)","Pakistan","Food supply quantity (kg/capita/yr)","Sugar non-centrifugal","2019","kg/cap","1.09"
"Food Balances (2010-)","Pakistan","Food supply quantity (kg/capita/yr)","Sugar non-centrifugal","2020","kg/cap","1.29"
"Food Balances (2010-)","Pakistan","Food supply quantity (kg/capita/yr)","Sugar non-centrifugal","2021","kg/cap","2.11"
"Food Balances (2010-)","Pakistan","Food supply quantity (kg/capita/yr)","Sugar non-centrifugal","2022","kg/cap","0.82"
"Food Balances (2010-)","Pakistan","Food supply quantity (kg/capita/yr)","Sugar (Raw Equivalent)","2015","kg/cap","21.39"
"Food Balances (2010-)","Pakistan","Food supply quantity (kg/capita/yr)","Sugar (Raw Equivalent)","2016","kg/cap","23.62"
"Food Balances (2010-)","Pakistan","Food supply quantity (kg/capita/yr)","Sugar (Raw Equivalent)","2017","kg/cap","22.26"
"Food Balances (2010-)","Pakistan","Food supply quantity (kg/capita/yr)","Sugar (Raw Equivalent)","2018","kg/cap","23.63"
"Food Balances (2010-)","Pakistan","Food supply quantity (kg/capita/yr)","Sugar (Raw Equivalent)","2019","kg/cap","20.64"
"Food Balances (2010-)","Pakistan","Food supply quantity (kg/capita/yr)","Sugar (Raw Equivalent)","2020","kg/cap","26.02"
"Food Balances (2010-)","Pakistan","Food supply quantity (kg/capita/yr)","Sugar (Raw Equivalent)","2021","kg/cap","25.59"
"Food Balances (2010-)","Pakistan","Food supply quantity (kg/capita/yr)","Sugar (Raw Equivalent)","2022","kg/cap","31.71"
"Food Balances (2010-)","Pakistan","Food supply quantity (kg/capita/yr)","Sweeteners, Other","2015","kg/cap","0.34"
"Food Balances (2010-)","Pakistan","Food supply quantity (kg/capita/yr)","Sweeteners, Other","2016","kg/cap","0.34"
"Food Balances (2010-)","Pakistan","Food supply quantity (kg/capita/yr)","Sweeteners, Other","2017","kg/cap","0.32"
"Food Balances (2010-)","Pakistan","Food supply quantity (kg/capita/yr)","Sweeteners, Other","2018","kg/cap","0.29"
"Food Balances (2010-)","Pakistan","Food supply quantity (kg/capita/yr)","Sweeteners, Other","2019","kg/cap","0.34"
"Food Balances (2010-)","Pakistan","Food supply quantity (kg/capita/yr)","Sweeteners, Other","2020","kg/cap","0.32"
"Food Balances (2010-)","Pakistan","Food supply quantity (kg/capita/yr)","Sweeteners, Other","2021","kg/cap","0.39"
"Food Balances (2010-)","Pakistan","Food supply quantity (kg/capita/yr)","Sweeteners, Other","2022","kg/cap","0.32"
"Food Balances (2010-)","Pakistan","Food supply quantity (kg/capita/yr)","Beans","2015","kg/cap","0.84"
"Food Balances (2010-)","Pakistan","Food supply quantity (kg/capita/yr)","Beans","2016","kg/cap","1.03"
"Food Balances (2010-)","Pakistan","Food supply quantity (kg/capita/yr)","Beans","2017","kg/cap","0.99"
"Food Balances (2010-)","Pakistan","Food supply quantity (kg/capita/yr)","Beans","2018","kg/cap","0.89"
"Food Balances (2010-)","Pakistan","Food supply quantity (kg/capita/yr)","Beans","2019","kg/cap","0.91"
"Food Balances (2010-)","Pakistan","Food supply quantity (kg/capita/yr)","Beans","2020","kg/cap","1.46"
"Food Balances (2010-)","Pakistan","Food supply quantity (kg/capita/yr)","Beans","2021","kg/cap","1.52"
"Food Balances (2010-)","Pakistan","Food supply quantity (kg/capita/yr)","Beans","2022","kg/cap","1.01"
"Food Balances (2010-)","Pakistan","Food supply quantity (kg/capita/yr)","Peas","2015","kg/cap","1.97"
"Food Balances (2010-)","Pakistan","Food supply quantity (kg/capita/yr)","Peas","2016","kg/cap","1.97"
"Food Balances (2010-)","Pakistan","Food supply quantity (kg/capita/yr)","Peas","2017","kg/cap","1.28"
"Food Balances (2010-)","Pakistan","Food supply quantity (kg/capita/yr)","Peas","2018","kg/cap","0.84"
"Food Balances (2010-)","Pakistan","Food supply quantity (kg/capita/yr)","Peas","2019","kg/cap","0.99"
"Food Balances (2010-)","Pakistan","Food supply quantity (kg/capita/yr)","Peas","2020","kg/cap","2.29"
"Food Balances (2010-)","Pakistan","Food supply quantity (kg/capita/yr)","Peas","2021","kg/cap","3.02"
"Food Balances (2010-)","Pakistan","Food supply quantity (kg/capita/yr)","Peas","2022","kg/cap","1.43"
"Food Balances (2010-)","Pakistan","Food supply quantity (kg/capita/yr)","Pulses, Other and products","2015","kg/cap","2.03"
"Food Balances (2010-)","Pakistan","Food supply quantity (kg/capita/yr)","Pulses, Other and products","2016","kg/cap","1.89"
"Food Balances (2010-)","Pakistan","Food supply quantity (kg/capita/yr)","Pulses, Other and products","2017","kg/cap","2.4"
"Food Balances (2010-)","Pakistan","Food supply quantity (kg/capita/yr)","Pulses, Other and products","2018","kg/cap","2.18"
"Food Balances (2010-)","Pakistan","Food supply quantity (kg/capita/yr)","Pulses, Other and products","2019","kg/cap","2.48"
"Food Balances (2010-)","Pakistan","Food supply quantity (kg/capita/yr)","Pulses, Other and products","2020","kg/cap","2.96"
"Food Balances (2010-)","Pakistan","Food supply quantity (kg/capita/yr)","Pulses, Other and products","2021","kg/cap","1.84"
"Food Balances (2010-)","Pakistan","Food supply quantity (kg/capita/yr)","Pulses, Other and products","2022","kg/cap","2.64"
"Food Balances (2010-)","Pakistan","Food supply quantity (kg/capita/yr)","Nuts and products","2015","kg/cap","0.77"
"Food Balances (2010-)","Pakistan","Food supply quantity (kg/capita/yr)","Nuts and products","2016","kg/cap","0.91"
"Food Balances (2010-)","Pakistan","Food supply quantity (kg/capita/yr)","Nuts and products","2017","kg/cap","0.78"
"Food Balances (2010-)","Pakistan","Food supply quantity (kg/capita/yr)","Nuts and products","2018","kg/cap","0.21"
"Food Balances (2010-)","Pakistan","Food supply quantity (kg/capita/yr)","Nuts and products","2019","kg/cap","0.2"
"Food Balances (2010-)","Pakistan","Food supply quantity (kg/capita/yr)","Nuts and products","2020","kg/cap","0.26"
"Food Balances (2010-)","Pakistan","Food supply quantity (kg/capita/yr)","Nuts and products","2021","kg/cap","0.25"
"Food Balances (2010-)","Pakistan","Food supply quantity (kg/capita/yr)","Nuts and products","2022","kg/cap","0.21"
"Food Balances (2010-)","Pakistan","Food supply quantity (kg/capita/yr)","Groundnuts","2015","kg/cap","0.11"
"Food Balances (2010-)","Pakistan","Food supply quantity (kg/capita/yr)","Groundnuts","2016","kg/cap","0.11"
"Food Balances (2010-)","Pakistan","Food supply quantity (kg/capita/yr)","Groundnuts","2017","kg/cap","0.11"
"Food Balances (2010-)","Pakistan","Food supply quantity (kg/capita/yr)","Groundnuts","2018","kg/cap","0.1"
"Food Balances (2010-)","Pakistan","Food supply quantity (kg/capita/yr)","Groundnuts","2019","kg/cap","0.1"
"Food Balances (2010-)","Pakistan","Food supply quantity (kg/capita/yr)","Groundnuts","2020","kg/cap","0.11"
"Food Balances (2010-)","Pakistan","Food supply quantity (kg/capita/yr)","Groundnuts","2021","kg/cap","0.12"
"Food Balances (2010-)","Pakistan","Food supply quantity (kg/capita/yr)","Groundnuts","2022","kg/cap","0.11"
"Food Balances (2010-)","Pakistan","Food supply quantity (kg/capita/yr)","Coconuts - Incl Copra","2015","kg/cap","0.17"
"Food Balances (2010-)","Pakistan","Food supply quantity (kg/capita/yr)","Coconuts - Incl Copra","2016","kg/cap","0.14"
"Food Balances (2010-)","Pakistan","Food supply quantity (kg/capita/yr)","Coconuts - Incl Copra","2017","kg/cap","0.13"
"Food Balances (2010-)","Pakistan","Food supply quantity (kg/capita/yr)","Coconuts - Incl Copra","2018","kg/cap","0.13"
"Food Balances (2010-)","Pakistan","Food supply quantity (kg/capita/yr)","Coconuts - Incl Copra","2019","kg/cap","0.11"
"Food Balances (2010-)","Pakistan","Food supply quantity (kg/capita/yr)","Coconuts - Incl Copra","2020","kg/cap","0.18"
"Food Balances (2010-)","Pakistan","Food supply quantity (kg/capita/yr)","Coconuts - Incl Copra","2021","kg/cap","0.2"
"Food Balances (2010-)","Pakistan","Food supply quantity (kg/capita/yr)","Coconuts - Incl Copra","2022","kg/cap","0.21"
"Food Balances (2010-)","Pakistan","Food supply quantity (kg/capita/yr)","Olives (including preserved)","2015","kg/cap","0"
"Food Balances (2010-)","Pakistan","Food supply quantity (kg/capita/yr)","Olives (including preserved)","2016","kg/cap","0"
"Food Balances (2010-)","Pakistan","Food supply quantity (kg/capita/yr)","Olives (including preserved)","2017","kg/cap","0.01"
"Food Balances (2010-)","Pakistan","Food supply quantity (kg/capita/yr)","Olives (including preserved)","2018","kg/cap","0.01"
"Food Balances (2010-)","Pakistan","Food supply quantity (kg/capita/yr)","Olives (including preserved)","2019","kg/cap","0.01"
"Food Balances (2010-)","Pakistan","Food supply quantity (kg/capita/yr)","Olives (including preserved)","2020","kg/cap","0"
"Food Balances (2010-)","Pakistan","Food supply quantity (kg/capita/yr)","Olives (including preserved)","2021","kg/cap","0"
"Food Balances (2010-)","Pakistan","Food supply quantity (kg/capita/yr)","Olives (including preserved)","2022","kg/cap","0"
"Food Balances (2010-)","Pakistan","Food supply quantity (kg/capita/yr)","Soyabean Oil","2015","kg/cap","0.37"
"Food Balances (2010-)","Pakistan","Food supply quantity (kg/capita/yr)","Soyabean Oil","2016","kg/cap","0.59"
"Food Balances (2010-)","Pakistan","Food supply quantity (kg/capita/yr)","Soyabean Oil","2017","kg/cap","0.99"
"Food Balances (2010-)","Pakistan","Food supply quantity (kg/capita/yr)","Soyabean Oil","2018","kg/cap","1.17"
"Food Balances (2010-)","Pakistan","Food supply quantity (kg/capita/yr)","Soyabean Oil","2019","kg/cap","1.17"
"Food Balances (2010-)","Pakistan","Food supply quantity (kg/capita/yr)","Soyabean Oil","2020","kg/cap","1.05"
"Food Balances (2010-)","Pakistan","Food supply quantity (kg/capita/yr)","Soyabean Oil","2021","kg/cap","0.97"
"Food Balances (2010-)","Pakistan","Food supply quantity (kg/capita/yr)","Soyabean Oil","2022","kg/cap","1.07"
"Food Balances (2010-)","Pakistan","Food supply quantity (kg/capita/yr)","Groundnut Oil","2015","kg/cap","0.12"
"Food Balances (2010-)","Pakistan","Food supply quantity (kg/capita/yr)","Groundnut Oil","2016","kg/cap","0.11"
"Food Balances (2010-)","Pakistan","Food supply quantity (kg/capita/yr)","Groundnut Oil","2017","kg/cap","0.12"
"Food Balances (2010-)","Pakistan","Food supply quantity (kg/capita/yr)","Groundnut Oil","2018","kg/cap","0.09"
"Food Balances (2010-)","Pakistan","Food supply quantity (kg/capita/yr)","Groundnut Oil","2019","kg/cap","0.07"
"Food Balances (2010-)","Pakistan","Food supply quantity (kg/capita/yr)","Groundnut Oil","2020","kg/cap","0.1"
"Food Balances (2010-)","Pakistan","Food supply quantity (kg/capita/yr)","Groundnut Oil","2021","kg/cap","0.11"
"Food Balances (2010-)","Pakistan","Food supply quantity (kg/capita/yr)","Groundnut Oil","2022","kg/cap","0.1"
"Food Balances (2010-)","Pakistan","Food supply quantity (kg/capita/yr)","Sunflowerseed Oil","2015","kg/cap","0.04"
"Food Balances (2010-)","Pakistan","Food supply quantity (kg/capita/yr)","Sunflowerseed Oil","2016","kg/cap","0"
"Food Balances (2010-)","Pakistan","Food supply quantity (kg/capita/yr)","Sunflowerseed Oil","2017","kg/cap","0"
"Food Balances (2010-)","Pakistan","Food supply quantity (kg/capita/yr)","Sunflowerseed Oil","2018","kg/cap","0"
"Food Balances (2010-)","Pakistan","Food supply quantity (kg/capita/yr)","Sunflowerseed Oil","2019","kg/cap","0"
"Food Balances (2010-)","Pakistan","Food supply quantity (kg/capita/yr)","Sunflowerseed Oil","2020","kg/cap","0"
"Food Balances (2010-)","Pakistan","Food supply quantity (kg/capita/yr)","Sunflowerseed Oil","2021","kg/cap","0"
"Food Balances (2010-)","Pakistan","Food supply quantity (kg/capita/yr)","Sunflowerseed Oil","2022","kg/cap","0"
"Food Balances (2010-)","Pakistan","Food supply quantity (kg/capita/yr)","Palm Oil","2015","kg/cap","4.87"
"Food Balances (2010-)","Pakistan","Food supply quantity (kg/capita/yr)","Palm Oil","2016","kg/cap","4.88"
"Food Balances (2010-)","Pakistan","Food supply quantity (kg/capita/yr)","Palm Oil","2017","kg/cap","4.86"
"Food Balances (2010-)","Pakistan","Food supply quantity (kg/capita/yr)","Palm Oil","2018","kg/cap","4.86"
"Food Balances (2010-)","Pakistan","Food supply quantity (kg/capita/yr)","Palm Oil","2019","kg/cap","4.87"
"Food Balances (2010-)","Pakistan","Food supply quantity (kg/capita/yr)","Palm Oil","2020","kg/cap","4.89"
"Food Balances (2010-)","Pakistan","Food supply quantity (kg/capita/yr)","Palm Oil","2021","kg/cap","4.86"
"Food Balances (2010-)","Pakistan","Food supply quantity (kg/capita/yr)","Palm Oil","2022","kg/cap","4.04"
"Food Balances (2010-)","Pakistan","Food supply quantity (kg/capita/yr)","Sesameseed Oil","2015","kg/cap","0"
"Food Balances (2010-)","Pakistan","Food supply quantity (kg/capita/yr)","Sesameseed Oil","2016","kg/cap","0"
"Food Balances (2010-)","Pakistan","Food supply quantity (kg/capita/yr)","Sesameseed Oil","2017","kg/cap","0"
"Food Balances (2010-)","Pakistan","Food supply quantity (kg/capita/yr)","Sesameseed Oil","2018","kg/cap","0"
"Food Balances (2010-)","Pakistan","Food supply quantity (kg/capita/yr)","Sesameseed Oil","2019","kg/cap","0"
"Food Balances (2010-)","Pakistan","Food supply quantity (kg/capita/yr)","Sesameseed Oil","2020","kg/cap","0.01"
"Food Balances (2010-)","Pakistan","Food supply quantity (kg/capita/yr)","Sesameseed Oil","2021","kg/cap","0.02"
"Food Balances (2010-)","Pakistan","Food supply quantity (kg/capita/yr)","Sesameseed Oil","2022","kg/cap","0.01"
"Food Balances (2010-)","Pakistan","Food supply quantity (kg/capita/yr)","Olive Oil","2015","kg/cap","0.01"
"Food Balances (2010-)","Pakistan","Food supply quantity (kg/capita/yr)","Olive Oil","2016","kg/cap","0.01"
"Food Balances (2010-)","Pakistan","Food supply quantity (kg/capita/yr)","Olive Oil","2017","kg/cap","0.02"
"Food Balances (2010-)","Pakistan","Food supply quantity (kg/capita/yr)","Olive Oil","2018","kg/cap","0.02"
"Food Balances (2010-)","Pakistan","Food supply quantity (kg/capita/yr)","Olive Oil","2019","kg/cap","0.02"
"Food Balances (2010-)","Pakistan","Food supply quantity (kg/capita/yr)","Olive Oil","2020","kg/cap","0.01"
"Food Balances (2010-)","Pakistan","Food supply quantity (kg/capita/yr)","Olive Oil","2021","kg/cap","0.01"
"Food Balances (2010-)","Pakistan","Food supply quantity (kg/capita/yr)","Olive Oil","2022","kg/cap","0.01"
"Food Balances (2010-)","Pakistan","Food supply quantity (kg/capita/yr)","Ricebran Oil","2015","kg/cap","0.03"
"Food Balances (2010-)","Pakistan","Food supply quantity (kg/capita/yr)","Ricebran Oil","2016","kg/cap","0.03"
"Food Balances (2010-)","Pakistan","Food supply quantity (kg/capita/yr)","Ricebran Oil","2017","kg/cap","0.03"
"Food Balances (2010-)","Pakistan","Food supply quantity (kg/capita/yr)","Ricebran Oil","2018","kg/cap","0.03"
"Food Balances (2010-)","Pakistan","Food supply quantity (kg/capita/yr)","Ricebran Oil","2019","kg/cap","0.03"
"Food Balances (2010-)","Pakistan","Food supply quantity (kg/capita/yr)","Ricebran Oil","2020","kg/cap","0.03"
"Food Balances (2010-)","Pakistan","Food supply quantity (kg/capita/yr)","Ricebran Oil","2021","kg/cap","0.03"
"Food Balances (2010-)","Pakistan","Food supply quantity (kg/capita/yr)","Ricebran Oil","2022","kg/cap","0.02"
"Food Balances (2010-)","Pakistan","Food supply quantity (kg/capita/yr)","Maize Germ Oil","2015","kg/cap","0"
"Food Balances (2010-)","Pakistan","Food supply quantity (kg/capita/yr)","Maize Germ Oil","2016","kg/cap","0"
"Food Balances (2010-)","Pakistan","Food supply quantity (kg/capita/yr)","Maize Germ Oil","2017","kg/cap","0.01"
"Food Balances (2010-)","Pakistan","Food supply quantity (kg/capita/yr)","Maize Germ Oil","2018","kg/cap","0.01"
"Food Balances (2010-)","Pakistan","Food supply quantity (kg/capita/yr)","Maize Germ Oil","2019","kg/cap","0"
"Food Balances (2010-)","Pakistan","Food supply quantity (kg/capita/yr)","Maize Germ Oil","2020","kg/cap","0"
"Food Balances (2010-)","Pakistan","Food supply quantity (kg/capita/yr)","Maize Germ Oil","2021","kg/cap","0"
"Food Balances (2010-)","Pakistan","Food supply quantity (kg/capita/yr)","Maize Germ Oil","2022","kg/cap","0"
"Food Balances (2010-)","Pakistan","Food supply quantity (kg/capita/yr)","Oilcrops Oil, Other","2015","kg/cap","8.14"
"Food Balances (2010-)","Pakistan","Food supply quantity (kg/capita/yr)","Oilcrops Oil, Other","2016","kg/cap","7.95"
"Food Balances (2010-)","Pakistan","Food supply quantity (kg/capita/yr)","Oilcrops Oil, Other","2017","kg/cap","7.91"
"Food Balances (2010-)","Pakistan","Food supply quantity (kg/capita/yr)","Oilcrops Oil, Other","2018","kg/cap","8.19"
"Food Balances (2010-)","Pakistan","Food supply quantity (kg/capita/yr)","Oilcrops Oil, Other","2019","kg/cap","8.04"
"Food Balances (2010-)","Pakistan","Food supply quantity (kg/capita/yr)","Oilcrops Oil, Other","2020","kg/cap","7.46"
"Food Balances (2010-)","Pakistan","Food supply quantity (kg/capita/yr)","Oilcrops Oil, Other","2021","kg/cap","7.43"
"Food Balances (2010-)","Pakistan","Food supply quantity (kg/capita/yr)","Oilcrops Oil, Other","2022","kg/cap","6.43"
"Food Balances (2010-)","Pakistan","Food supply quantity (kg/capita/yr)","Tomatoes and products","2015","kg/cap","3.74"
"Food Balances (2010-)","Pakistan","Food supply quantity (kg/capita/yr)","Tomatoes and products","2016","kg/cap","3.64"
"Food Balances (2010-)","Pakistan","Food supply quantity (kg/capita/yr)","Tomatoes and products","2017","kg/cap","2.72"
"Food Balances (2010-)","Pakistan","Food supply quantity (kg/capita/yr)","Tomatoes and products","2018","kg/cap","3.06"
"Food Balances (2010-)","Pakistan","Food supply quantity (kg/capita/yr)","Tomatoes and products","2019","kg/cap","3.31"
"Food Balances (2010-)","Pakistan","Food supply quantity (kg/capita/yr)","Tomatoes and products","2020","kg/cap","3.96"
"Food Balances (2010-)","Pakistan","Food supply quantity (kg/capita/yr)","Tomatoes and products","2021","kg/cap","4.85"
"Food Balances (2010-)","Pakistan","Food supply quantity (kg/capita/yr)","Tomatoes and products","2022","kg/cap","4.52"
"Food Balances (2010-)","Pakistan","Food supply quantity (kg/capita/yr)","Onions","2015","kg/cap","6.88"
"Food Balances (2010-)","Pakistan","Food supply quantity (kg/capita/yr)","Onions","2016","kg/cap","7.32"
"Food Balances (2010-)","Pakistan","Food supply quantity (kg/capita/yr)","Onions","2017","kg/cap","7.84"
"Food Balances (2010-)","Pakistan","Food supply quantity (kg/capita/yr)","Onions","2018","kg/cap","8.13"
"Food Balances (2010-)","Pakistan","Food supply quantity (kg/capita/yr)","Onions","2019","kg/cap","8.17"
"Food Balances (2010-)","Pakistan","Food supply quantity (kg/capita/yr)","Onions","2020","kg/cap","7.92"
"Food Balances (2010-)","Pakistan","Food supply quantity (kg/capita/yr)","Onions","2021","kg/cap","7.72"
"Food Balances (2010-)","Pakistan","Food supply quantity (kg/capita/yr)","Onions","2022","kg/cap","9.4"
"Food Balances (2010-)","Pakistan","Food supply quantity (kg/capita/yr)","Vegetables, other","2015","kg/cap","12.93"
"Food Balances (2010-)","Pakistan","Food supply quantity (kg/capita/yr)","Vegetables, other","2016","kg/cap","13.83"
"Food Balances (2010-)","Pakistan","Food supply quantity (kg/capita/yr)","Vegetables, other","2017","kg/cap","15.54"
"Food Balances (2010-)","Pakistan","Food supply quantity (kg/capita/yr)","Vegetables, other","2018","kg/cap","15.91"
"Food Balances (2010-)","Pakistan","Food supply quantity (kg/capita/yr)","Vegetables, other","2019","kg/cap","15.86"
"Food Balances (2010-)","Pakistan","Food supply quantity (kg/capita/yr)","Vegetables, other","2020","kg/cap","21.36"
"Food Balances (2010-)","Pakistan","Food supply quantity (kg/capita/yr)","Vegetables, other","2021","kg/cap","22.66"
"Food Balances (2010-)","Pakistan","Food supply quantity (kg/capita/yr)","Vegetables, other","2022","kg/cap","18.54"
"Food Balances (2010-)","Pakistan","Food supply quantity (kg/capita/yr)","Oranges, Mandarines","2015","kg/cap","7.62"
"Food Balances (2010-)","Pakistan","Food supply quantity (kg/capita/yr)","Oranges, Mandarines","2016","kg/cap","7.86"
"Food Balances (2010-)","Pakistan","Food supply quantity (kg/capita/yr)","Oranges, Mandarines","2017","kg/cap","7.57"
"Food Balances (2010-)","Pakistan","Food supply quantity (kg/capita/yr)","Oranges, Mandarines","2018","kg/cap","7.1"
"Food Balances (2010-)","Pakistan","Food supply quantity (kg/capita/yr)","Oranges, Mandarines","2019","kg/cap","7.02"
"Food Balances (2010-)","Pakistan","Food supply quantity (kg/capita/yr)","Oranges, Mandarines","2020","kg/cap","6.62"
"Food Balances (2010-)","Pakistan","Food supply quantity (kg/capita/yr)","Oranges, Mandarines","2021","kg/cap","6.68"
"Food Balances (2010-)","Pakistan","Food supply quantity (kg/capita/yr)","Oranges, Mandarines","2022","kg/cap","7.16"
"Food Balances (2010-)","Pakistan","Food supply quantity (kg/capita/yr)","Lemons, Limes and products","2015","kg/cap","0.42"
"Food Balances (2010-)","Pakistan","Food supply quantity (kg/capita/yr)","Lemons, Limes and products","2016","kg/cap","0.35"
"Food Balances (2010-)","Pakistan","Food supply quantity (kg/capita/yr)","Lemons, Limes and products","2017","kg/cap","0.33"
"Food Balances (2010-)","Pakistan","Food supply quantity (kg/capita/yr)","Lemons, Limes and products","2018","kg/cap","0.27"
"Food Balances (2010-)","Pakistan","Food supply quantity (kg/capita/yr)","Lemons, Limes and products","2019","kg/cap","0.32"
"Food Balances (2010-)","Pakistan","Food supply quantity (kg/capita/yr)","Lemons, Limes and products","2020","kg/cap","0.29"
"Food Balances (2010-)","Pakistan","Food supply quantity (kg/capita/yr)","Lemons, Limes and products","2021","kg/cap","0.39"
"Food Balances (2010-)","Pakistan","Food supply quantity (kg/capita/yr)","Lemons, Limes and products","2022","kg/cap","0.39"
"Food Balances (2010-)","Pakistan","Food supply quantity (kg/capita/yr)","Citrus, Other","2015","kg/cap","0.05"
"Food Balances (2010-)","Pakistan","Food supply quantity (kg/capita/yr)","Citrus, Other","2016","kg/cap","0.05"
"Food Balances (2010-)","Pakistan","Food supply quantity (kg/capita/yr)","Citrus, Other","2017","kg/cap","0.06"
"Food Balances (2010-)","Pakistan","Food supply quantity (kg/capita/yr)","Citrus, Other","2018","kg/cap","0.04"
"Food Balances (2010-)","Pakistan","Food supply quantity (kg/capita/yr)","Citrus, Other","2019","kg/cap","0.04"
"Food Balances (2010-)","Pakistan","Food supply quantity (kg/capita/yr)","Citrus, Other","2020","kg/cap","0"
"Food Balances (2010-)","Pakistan","Food supply quantity (kg/capita/yr)","Citrus, Other","2021","kg/cap","0"
"Food Balances (2010-)","Pakistan","Food supply quantity (kg/capita/yr)","Citrus, Other","2022","kg/cap","0"
"Food Balances (2010-)","Pakistan","Food supply quantity (kg/capita/yr)","Bananas","2015","kg/cap","0.26"
"Food Balances (2010-)","Pakistan","Food supply quantity (kg/capita/yr)","Bananas","2016","kg/cap","0.34"
"Food Balances (2010-)","Pakistan","Food supply quantity (kg/capita/yr)","Bananas","2017","kg/cap","0.37"
"Food Balances (2010-)","Pakistan","Food supply quantity (kg/capita/yr)","Bananas","2018","kg/cap","0.27"
"Food Balances (2010-)","Pakistan","Food supply quantity (kg/capita/yr)","Bananas","2019","kg/cap","0.04"
"Food Balances (2010-)","Pakistan","Food supply quantity (kg/capita/yr)","Bananas","2020","kg/cap","0.16"
"Food Balances (2010-)","Pakistan","Food supply quantity (kg/capita/yr)","Bananas","2021","kg/cap","0.32"
"Food Balances (2010-)","Pakistan","Food supply quantity (kg/capita/yr)","Bananas","2022","kg/cap","0.29"
"Food Balances (2010-)","Pakistan","Food supply quantity (kg/capita/yr)","Apples and products","2015","kg/cap","2.85"
"Food Balances (2010-)","Pakistan","Food supply quantity (kg/capita/yr)","Apples and products","2016","kg/cap","3.23"
"Food Balances (2010-)","Pakistan","Food supply quantity (kg/capita/yr)","Apples and products","2017","kg/cap","2.95"
"Food Balances (2010-)","Pakistan","Food supply quantity (kg/capita/yr)","Apples and products","2018","kg/cap","2.35"
"Food Balances (2010-)","Pakistan","Food supply quantity (kg/capita/yr)","Apples and products","2019","kg/cap","2.74"
"Food Balances (2010-)","Pakistan","Food supply quantity (kg/capita/yr)","Apples and products","2020","kg/cap","3.05"
"Food Balances (2010-)","Pakistan","Food supply quantity (kg/capita/yr)","Apples and products","2021","kg/cap","2.95"
"Food Balances (2010-)","Pakistan","Food supply quantity (kg/capita/yr)","Apples and products","2022","kg/cap","2.99"
"Food Balances (2010-)","Pakistan","Food supply quantity (kg/capita/yr)","Pineapples and products","2015","kg/cap","0.08"
"Food Balances (2010-)","Pakistan","Food supply quantity (kg/capita/yr)","Pineapples and products","2016","kg/cap","0.08"
"Food Balances (2010-)","Pakistan","Food supply quantity (kg/capita/yr)","Pineapples and products","2017","kg/cap","0.09"
"Food Balances (2010-)","Pakistan","Food supply quantity (kg/capita/yr)","Pineapples and products","2018","kg/cap","0.04"
"Food Balances (2010-)","Pakistan","Food supply quantity (kg/capita/yr)","Pineapples and products","2019","kg/cap","0.07"
"Food Balances (2010-)","Pakistan","Food supply quantity (kg/capita/yr)","Pineapples and products","2020","kg/cap","0.06"
"Food Balances (2010-)","Pakistan","Food supply quantity (kg/capita/yr)","Pineapples and products","2021","kg/cap","0.07"
"Food Balances (2010-)","Pakistan","Food supply quantity (kg/capita/yr)","Pineapples and products","2022","kg/cap","0.05"
"Food Balances (2010-)","Pakistan","Food supply quantity (kg/capita/yr)","Dates","2015","kg/cap","1.57"
"Food Balances (2010-)","Pakistan","Food supply quantity (kg/capita/yr)","Dates","2016","kg/cap","1.26"
"Food Balances (2010-)","Pakistan","Food supply quantity (kg/capita/yr)","Dates","2017","kg/cap","1.2"
"Food Balances (2010-)","Pakistan","Food supply quantity (kg/capita/yr)","Dates","2018","kg/cap","1.4"
"Food Balances (2010-)","Pakistan","Food supply quantity (kg/capita/yr)","Dates","2019","kg/cap","2.06"
"Food Balances (2010-)","Pakistan","Food supply quantity (kg/capita/yr)","Dates","2020","kg/cap","2"
"Food Balances (2010-)","Pakistan","Food supply quantity (kg/capita/yr)","Dates","2021","kg/cap","3.27"
"Food Balances (2010-)","Pakistan","Food supply quantity (kg/capita/yr)","Dates","2022","kg/cap","2.83"
"Food Balances (2010-)","Pakistan","Food supply quantity (kg/capita/yr)","Fruits, other","2015","kg/cap","23.64"
"Food Balances (2010-)","Pakistan","Food supply quantity (kg/capita/yr)","Fruits, other","2016","kg/cap","22.57"
"Food Balances (2010-)","Pakistan","Food supply quantity (kg/capita/yr)","Fruits, other","2017","kg/cap","22.58"
"Food Balances (2010-)","Pakistan","Food supply quantity (kg/capita/yr)","Fruits, other","2018","kg/cap","22.61"
"Food Balances (2010-)","Pakistan","Food supply quantity (kg/capita/yr)","Fruits, other","2019","kg/cap","22.63"
"Food Balances (2010-)","Pakistan","Food supply quantity (kg/capita/yr)","Fruits, other","2020","kg/cap","22.15"
"Food Balances (2010-)","Pakistan","Food supply quantity (kg/capita/yr)","Fruits, other","2021","kg/cap","12.35"
"Food Balances (2010-)","Pakistan","Food supply quantity (kg/capita/yr)","Fruits, other","2022","kg/cap","13.19"
"Food Balances (2010-)","Pakistan","Food supply quantity (kg/capita/yr)","Coffee and products","2015","kg/cap","0"
"Food Balances (2010-)","Pakistan","Food supply quantity (kg/capita/yr)","Coffee and products","2016","kg/cap","0"
"Food Balances (2010-)","Pakistan","Food supply quantity (kg/capita/yr)","Coffee and products","2017","kg/cap","0"
"Food Balances (2010-)","Pakistan","Food supply quantity (kg/capita/yr)","Coffee and products","2018","kg/cap","0.01"
"Food Balances (2010-)","Pakistan","Food supply quantity (kg/capita/yr)","Coffee and products","2019","kg/cap","0.01"
"Food Balances (2010-)","Pakistan","Food supply quantity (kg/capita/yr)","Coffee and products","2020","kg/cap","0.01"
"Food Balances (2010-)","Pakistan","Food supply quantity (kg/capita/yr)","Coffee and products","2021","kg/cap","0"
"Food Balances (2010-)","Pakistan","Food supply quantity (kg/capita/yr)","Coffee and products","2022","kg/cap","0.01"
"Food Balances (2010-)","Pakistan","Food supply quantity (kg/capita/yr)","Cocoa Beans and products","2015","kg/cap","0.07"
"Food Balances (2010-)","Pakistan","Food supply quantity (kg/capita/yr)","Cocoa Beans and products","2016","kg/cap","0.07"
"Food Balances (2010-)","Pakistan","Food supply quantity (kg/capita/yr)","Cocoa Beans and products","2017","kg/cap","0.07"
"Food Balances (2010-)","Pakistan","Food supply quantity (kg/capita/yr)","Cocoa Beans and products","2018","kg/cap","0.09"
"Food Balances (2010-)","Pakistan","Food supply quantity (kg/capita/yr)","Cocoa Beans and products","2019","kg/cap","0.1"
"Food Balances (2010-)","Pakistan","Food supply quantity (kg/capita/yr)","Cocoa Beans and products","2020","kg/cap","0.07"
"Food Balances (2010-)","Pakistan","Food supply quantity (kg/capita/yr)","Cocoa Beans and products","2021","kg/cap","0.07"
"Food Balances (2010-)","Pakistan","Food supply quantity (kg/capita/yr)","Cocoa Beans and products","2022","kg/cap","0.06"
"Food Balances (2010-)","Pakistan","Food supply quantity (kg/capita/yr)","Tea (including mate)","2015","kg/cap","0.76"
"Food Balances (2010-)","Pakistan","Food supply quantity (kg/capita/yr)","Tea (including mate)","2016","kg/cap","0.85"
"Food Balances (2010-)","Pakistan","Food supply quantity (kg/capita/yr)","Tea (including mate)","2017","kg/cap","0.83"
"Food Balances (2010-)","Pakistan","Food supply quantity (kg/capita/yr)","Tea (including mate)","2018","kg/cap","0.89"
"Food Balances (2010-)","Pakistan","Food supply quantity (kg/capita/yr)","Tea (including mate)","2019","kg/cap","0.89"
"Food Balances (2010-)","Pakistan","Food supply quantity (kg/capita/yr)","Tea (including mate)","2020","kg/cap","0.92"
"Food Balances (2010-)","Pakistan","Food supply quantity (kg/capita/yr)","Tea (including mate)","2021","kg/cap","1.09"
"Food Balances (2010-)","Pakistan","Food supply quantity (kg/capita/yr)","Tea (including mate)","2022","kg/cap","1.04"
"Food Balances (2010-)","Pakistan","Food supply quantity (kg/capita/yr)","Pepper","2015","kg/cap","0.03"
"Food Balances (2010-)","Pakistan","Food supply quantity (kg/capita/yr)","Pepper","2016","kg/cap","0.04"
"Food Balances (2010-)","Pakistan","Food supply quantity (kg/capita/yr)","Pepper","2017","kg/cap","0.04"
"Food Balances (2010-)","Pakistan","Food supply quantity (kg/capita/yr)","Pepper","2018","kg/cap","0.04"
"Food Balances (2010-)","Pakistan","Food supply quantity (kg/capita/yr)","Pepper","2019","kg/cap","0.05"
"Food Balances (2010-)","Pakistan","Food supply quantity (kg/capita/yr)","Pepper","2020","kg/cap","0.05"
"Food Balances (2010-)","Pakistan","Food supply quantity (kg/capita/yr)","Pepper","2021","kg/cap","0.07"
"Food Balances (2010-)","Pakistan","Food supply quantity (kg/capita/yr)","Pepper","2022","kg/cap","0.04"
"Food Balances (2010-)","Pakistan","Food supply quantity (kg/capita/yr)","Pimento","2015","kg/cap","0.62"
"Food Balances (2010-)","Pakistan","Food supply quantity (kg/capita/yr)","Pimento","2016","kg/cap","0.58"
"Food Balances (2010-)","Pakistan","Food supply quantity (kg/capita/yr)","Pimento","2017","kg/cap","0.56"
"Food Balances (2010-)","Pakistan","Food supply quantity (kg/capita/yr)","Pimento","2018","kg/cap","0.59"
"Food Balances (2010-)","Pakistan","Food supply quantity (kg/capita/yr)","Pimento","2019","kg/cap","0.4"
"Food Balances (2010-)","Pakistan","Food supply quantity (kg/capita/yr)","Pimento","2020","kg/cap","0.66"
"Food Balances (2010-)","Pakistan","Food supply quantity (kg/capita/yr)","Pimento","2021","kg/cap","0.48"
"Food Balances (2010-)","Pakistan","Food supply quantity (kg/capita/yr)","Pimento","2022","kg/cap","0.61"
"Food Balances (2010-)","Pakistan","Food supply quantity (kg/capita/yr)","Cloves","2015","kg/cap","0.01"
"Food Balances (2010-)","Pakistan","Food supply quantity (kg/capita/yr)","Cloves","2016","kg/cap","0.01"
"Food Balances (2010-)","Pakistan","Food supply quantity (kg/capita/yr)","Cloves","2017","kg/cap","0.01"
"Food Balances (2010-)","Pakistan","Food supply quantity (kg/capita/yr)","Cloves","2018","kg/cap","0.01"
"Food Balances (2010-)","Pakistan","Food supply quantity (kg/capita/yr)","Cloves","2019","kg/cap","0.01"
"Food Balances (2010-)","Pakistan","Food supply quantity (kg/capita/yr)","Cloves","2020","kg/cap","0.01"
"Food Balances (2010-)","Pakistan","Food supply quantity (kg/capita/yr)","Cloves","2021","kg/cap","0.01"
"Food Balances (2010-)","Pakistan","Food supply quantity (kg/capita/yr)","Cloves","2022","kg/cap","0.01"
"Food Balances (2010-)","Pakistan","Food supply quantity (kg/capita/yr)","Spices, Other","2015","kg/cap","0.88"
"Food Balances (2010-)","Pakistan","Food supply quantity (kg/capita/yr)","Spices, Other","2016","kg/cap","0.8"
"Food Balances (2010-)","Pakistan","Food supply quantity (kg/capita/yr)","Spices, Other","2017","kg/cap","0.77"
"Food Balances (2010-)","Pakistan","Food supply quantity (kg/capita/yr)","Spices, Other","2018","kg/cap","0.81"
"Food Balances (2010-)","Pakistan","Food supply quantity (kg/capita/yr)","Spices, Other","2019","kg/cap","0.76"
"Food Balances (2010-)","Pakistan","Food supply quantity (kg/capita/yr)","Spices, Other","2020","kg/cap","0.79"
"Food Balances (2010-)","Pakistan","Food supply quantity (kg/capita/yr)","Spices, Other","2021","kg/cap","0.94"
"Food Balances (2010-)","Pakistan","Food supply quantity (kg/capita/yr)","Spices, Other","2022","kg/cap","0.82"
"Food Balances (2010-)","Pakistan","Food supply quantity (kg/capita/yr)","Beverages, Fermented","2015","kg/cap","0.16"
"Food Balances (2010-)","Pakistan","Food supply quantity (kg/capita/yr)","Beverages, Fermented","2016","kg/cap","0.16"
"Food Balances (2010-)","Pakistan","Food supply quantity (kg/capita/yr)","Beverages, Fermented","2017","kg/cap","0.15"
"Food Balances (2010-)","Pakistan","Food supply quantity (kg/capita/yr)","Beverages, Fermented","2018","kg/cap","0.16"
"Food Balances (2010-)","Pakistan","Food supply quantity (kg/capita/yr)","Beverages, Fermented","2019","kg/cap","0.16"
"Food Balances (2010-)","Pakistan","Food supply quantity (kg/capita/yr)","Beverages, Fermented","2020","kg/cap","0.15"
"Food Balances (2010-)","Pakistan","Food supply quantity (kg/capita/yr)","Beverages, Fermented","2021","kg/cap","0.02"
"Food Balances (2010-)","Pakistan","Food supply quantity (kg/capita/yr)","Beverages, Fermented","2022","kg/cap","0.02"
"Food Balances (2010-)","Pakistan","Food supply quantity (kg/capita/yr)","Bovine Meat","2015","kg/cap","8.02"
"Food Balances (2010-)","Pakistan","Food supply quantity (kg/capita/yr)","Bovine Meat","2016","kg/cap","8.25"
"Food Balances (2010-)","Pakistan","Food supply quantity (kg/capita/yr)","Bovine Meat","2017","kg/cap","9.39"
"Food Balances (2010-)","Pakistan","Food supply quantity (kg/capita/yr)","Bovine Meat","2018","kg/cap","9.56"
"Food Balances (2010-)","Pakistan","Food supply quantity (kg/capita/yr)","Bovine Meat","2019","kg/cap","9.65"
"Food Balances (2010-)","Pakistan","Food supply quantity (kg/capita/yr)","Bovine Meat","2020","kg/cap","9.44"
"Food Balances (2010-)","Pakistan","Food supply quantity (kg/capita/yr)","Bovine Meat","2021","kg/cap","9.94"
"Food Balances (2010-)","Pakistan","Food supply quantity (kg/capita/yr)","Bovine Meat","2022","kg/cap","10.07"
"Food Balances (2010-)","Pakistan","Food supply quantity (kg/capita/yr)","Mutton & Goat Meat","2015","kg/cap","2.23"
"Food Balances (2010-)","Pakistan","Food supply quantity (kg/capita/yr)","Mutton & Goat Meat","2016","kg/cap","2.27"
"Food Balances (2010-)","Pakistan","Food supply quantity (kg/capita/yr)","Mutton & Goat Meat","2017","kg/cap","3.22"
"Food Balances (2010-)","Pakistan","Food supply quantity (kg/capita/yr)","Mutton & Goat Meat","2018","kg/cap","3.24"
"Food Balances (2010-)","Pakistan","Food supply quantity (kg/capita/yr)","Mutton & Goat Meat","2019","kg/cap","3.24"
"Food Balances (2010-)","Pakistan","Food supply quantity (kg/capita/yr)","Mutton & Goat Meat","2020","kg/cap","2.43"
"Food Balances (2010-)","Pakistan","Food supply quantity (kg/capita/yr)","Mutton & Goat Meat","2021","kg/cap","2.46"
"Food Balances (2010-)","Pakistan","Food supply quantity (kg/capita/yr)","Mutton & Goat Meat","2022","kg/cap","2.49"
"Food Balances (2010-)","Pakistan","Food supply quantity (kg/capita/yr)","Poultry Meat","2015","kg/cap","5.11"
"Food Balances (2010-)","Pakistan","Food supply quantity (kg/capita/yr)","Poultry Meat","2016","kg/cap","5.5"
"Food Balances (2010-)","Pakistan","Food supply quantity (kg/capita/yr)","Poultry Meat","2017","kg/cap","5.91"
"Food Balances (2010-)","Pakistan","Food supply quantity (kg/capita/yr)","Poultry Meat","2018","kg/cap","6.33"
"Food Balances (2010-)","Pakistan","Food supply quantity (kg/capita/yr)","Poultry Meat","2019","kg/cap","6.8"
"Food Balances (2010-)","Pakistan","Food supply quantity (kg/capita/yr)","Poultry Meat","2020","kg/cap","5.9"
"Food Balances (2010-)","Pakistan","Food supply quantity (kg/capita/yr)","Poultry Meat","2021","kg/cap","7.81"
"Food Balances (2010-)","Pakistan","Food supply quantity (kg/capita/yr)","Poultry Meat","2022","kg/cap","8.4"
"Food Balances (2010-)","Pakistan","Food supply quantity (kg/capita/yr)","Meat, Other","2015","kg/cap","0.11"
"Food Balances (2010-)","Pakistan","Food supply quantity (kg/capita/yr)","Meat, Other","2016","kg/cap","0.11"
"Food Balances (2010-)","Pakistan","Food supply quantity (kg/capita/yr)","Meat, Other","2017","kg/cap","0.11"
"Food Balances (2010-)","Pakistan","Food supply quantity (kg/capita/yr)","Meat, Other","2018","kg/cap","0.11"
"Food Balances (2010-)","Pakistan","Food supply quantity (kg/capita/yr)","Meat, Other","2019","kg/cap","0.13"
"Food Balances (2010-)","Pakistan","Food supply quantity (kg/capita/yr)","Meat, Other","2020","kg/cap","0.13"
"Food Balances (2010-)","Pakistan","Food supply quantity (kg/capita/yr)","Meat, Other","2021","kg/cap","0.13"
"Food Balances (2010-)","Pakistan","Food supply quantity (kg/capita/yr)","Meat, Other","2022","kg/cap","0.13"
"Food Balances (2010-)","Pakistan","Food supply quantity (kg/capita/yr)","Offals, Edible","2015","kg/cap","1.32"
"Food Balances (2010-)","Pakistan","Food supply quantity (kg/capita/yr)","Offals, Edible","2016","kg/cap","1.34"
"Food Balances (2010-)","Pakistan","Food supply quantity (kg/capita/yr)","Offals, Edible","2017","kg/cap","1.69"
"Food Balances (2010-)","Pakistan","Food supply quantity (kg/capita/yr)","Offals, Edible","2018","kg/cap","1.74"
"Food Balances (2010-)","Pakistan","Food supply quantity (kg/capita/yr)","Offals, Edible","2019","kg/cap","1.76"
"Food Balances (2010-)","Pakistan","Food supply quantity (kg/capita/yr)","Offals, Edible","2020","kg/cap","1.77"
"Food Balances (2010-)","Pakistan","Food supply quantity (kg/capita/yr)","Offals, Edible","2021","kg/cap","1.79"
"Food Balances (2010-)","Pakistan","Food supply quantity (kg/capita/yr)","Offals, Edible","2022","kg/cap","1.83"
"Food Balances (2010-)","Pakistan","Food supply quantity (kg/capita/yr)","Butter, Ghee","2015","kg/cap","5"
"Food Balances (2010-)","Pakistan","Food supply quantity (kg/capita/yr)","Butter, Ghee","2016","kg/cap","4.84"
"Food Balances (2010-)","Pakistan","Food supply quantity (kg/capita/yr)","Butter, Ghee","2017","kg/cap","4.92"
"Food Balances (2010-)","Pakistan","Food supply quantity (kg/capita/yr)","Butter, Ghee","2018","kg/cap","4.99"
"Food Balances (2010-)","Pakistan","Food supply quantity (kg/capita/yr)","Butter, Ghee","2019","kg/cap","5.32"
"Food Balances (2010-)","Pakistan","Food supply quantity (kg/capita/yr)","Butter, Ghee","2020","kg/cap","5.11"
"Food Balances (2010-)","Pakistan","Food supply quantity (kg/capita/yr)","Butter, Ghee","2021","kg/cap","5.17"
"Food Balances (2010-)","Pakistan","Food supply quantity (kg/capita/yr)","Butter, Ghee","2022","kg/cap","5.22"
"Food Balances (2010-)","Pakistan","Food supply quantity (kg/capita/yr)","Cream","2015","kg/cap","0.01"
"Food Balances (2010-)","Pakistan","Food supply quantity (kg/capita/yr)","Cream","2016","kg/cap","0.01"
"Food Balances (2010-)","Pakistan","Food supply quantity (kg/capita/yr)","Cream","2017","kg/cap","0.01"
"Food Balances (2010-)","Pakistan","Food supply quantity (kg/capita/yr)","Cream","2018","kg/cap","0.01"
"Food Balances (2010-)","Pakistan","Food supply quantity (kg/capita/yr)","Cream","2019","kg/cap","0.01"
"Food Balances (2010-)","Pakistan","Food supply quantity (kg/capita/yr)","Cream","2020","kg/cap","0.01"
"Food Balances (2010-)","Pakistan","Food supply quantity (kg/capita/yr)","Cream","2021","kg/cap","0.01"
"Food Balances (2010-)","Pakistan","Food supply quantity (kg/capita/yr)","Cream","2022","kg/cap","0.01"
"Food Balances (2010-)","Pakistan","Food supply quantity (kg/capita/yr)","Fats, Animals, Raw","2015","kg/cap","0.93"
"Food Balances (2010-)","Pakistan","Food supply quantity (kg/capita/yr)","Fats, Animals, Raw","2016","kg/cap","0.92"
"Food Balances (2010-)","Pakistan","Food supply quantity (kg/capita/yr)","Fats, Animals, Raw","2017","kg/cap","1.09"
"Food Balances (2010-)","Pakistan","Food supply quantity (kg/capita/yr)","Fats, Animals, Raw","2018","kg/cap","1.09"
"Food Balances (2010-)","Pakistan","Food supply quantity (kg/capita/yr)","Fats, Animals, Raw","2019","kg/cap","1.02"
"Food Balances (2010-)","Pakistan","Food supply quantity (kg/capita/yr)","Fats, Animals, Raw","2020","kg/cap","1.01"
"Food Balances (2010-)","Pakistan","Food supply quantity (kg/capita/yr)","Fats, Animals, Raw","2021","kg/cap","1.02"
"Food Balances (2010-)","Pakistan","Food supply quantity (kg/capita/yr)","Fats, Animals, Raw","2022","kg/cap","1.04"
"Food Balances (2010-)","Pakistan","Food supply quantity (kg/capita/yr)","Eggs","2015","kg/cap","2.84"
"Food Balances (2010-)","Pakistan","Food supply quantity (kg/capita/yr)","Eggs","2016","kg/cap","2.99"
"Food Balances (2010-)","Pakistan","Food supply quantity (kg/capita/yr)","Eggs","2017","kg/cap","3.14"
"Food Balances (2010-)","Pakistan","Food supply quantity (kg/capita/yr)","Eggs","2018","kg/cap","3.27"
"Food Balances (2010-)","Pakistan","Food supply quantity (kg/capita/yr)","Eggs","2019","kg/cap","3.37"
"Food Balances (2010-)","Pakistan","Food supply quantity (kg/capita/yr)","Eggs","2020","kg/cap","3.5"
"Food Balances (2010-)","Pakistan","Food supply quantity (kg/capita/yr)","Eggs","2021","kg/cap","3.66"
"Food Balances (2010-)","Pakistan","Food supply quantity (kg/capita/yr)","Eggs","2022","kg/cap","3.84"
"Food Balances (2010-)","Pakistan","Food supply quantity (kg/capita/yr)","Milk - Excluding Butter","2015","kg/cap","100.1"
"Food Balances (2010-)","Pakistan","Food supply quantity (kg/capita/yr)","Milk - Excluding Butter","2016","kg/cap","107.23"
"Food Balances (2010-)","Pakistan","Food supply quantity (kg/capita/yr)","Milk - Excluding Butter","2017","kg/cap","109.44"
"Food Balances (2010-)","Pakistan","Food supply quantity (kg/capita/yr)","Milk - Excluding Butter","2018","kg/cap","111.27"
"Food Balances (2010-)","Pakistan","Food supply quantity (kg/capita/yr)","Milk - Excluding Butter","2019","kg/cap","120.74"
"Food Balances (2010-)","Pakistan","Food supply quantity (kg/capita/yr)","Milk - Excluding Butter","2020","kg/cap","113.95"
"Food Balances (2010-)","Pakistan","Food supply quantity (kg/capita/yr)","Milk - Excluding Butter","2021","kg/cap","113.44"
"Food Balances (2010-)","Pakistan","Food supply quantity (kg/capita/yr)","Milk - Excluding Butter","2022","kg/cap","114.31"
"Food Balances (2010-)","Pakistan","Food supply quantity (kg/capita/yr)","Freshwater Fish","2015","kg/cap","1.21"
"Food Balances (2010-)","Pakistan","Food supply quantity (kg/capita/yr)","Freshwater Fish","2016","kg/cap","1.23"
"Food Balances (2010-)","Pakistan","Food supply quantity (kg/capita/yr)","Freshwater Fish","2017","kg/cap","1.23"
"Food Balances (2010-)","Pakistan","Food supply quantity (kg/capita/yr)","Freshwater Fish","2018","kg/cap","1.17"
"Food Balances (2010-)","Pakistan","Food supply quantity (kg/capita/yr)","Freshwater Fish","2019","kg/cap","0.97"
"Food Balances (2010-)","Pakistan","Food supply quantity (kg/capita/yr)","Freshwater Fish","2020","kg/cap","0.96"
"Food Balances (2010-)","Pakistan","Food supply quantity (kg/capita/yr)","Freshwater Fish","2021","kg/cap","0.94"
"Food Balances (2010-)","Pakistan","Food supply quantity (kg/capita/yr)","Freshwater Fish","2022","kg/cap","0.92"
"Food Balances (2010-)","Pakistan","Food supply quantity (kg/capita/yr)","Demersal Fish","2015","kg/cap","0.06"
"Food Balances (2010-)","Pakistan","Food supply quantity (kg/capita/yr)","Demersal Fish","2016","kg/cap","0.08"
"Food Balances (2010-)","Pakistan","Food supply quantity (kg/capita/yr)","Demersal Fish","2017","kg/cap","0.05"
"Food Balances (2010-)","Pakistan","Food supply quantity (kg/capita/yr)","Demersal Fish","2018","kg/cap","0.05"
"Food Balances (2010-)","Pakistan","Food supply quantity (kg/capita/yr)","Demersal Fish","2019","kg/cap","0.03"
"Food Balances (2010-)","Pakistan","Food supply quantity (kg/capita/yr)","Demersal Fish","2020","kg/cap","0.03"
"Food Balances (2010-)","Pakistan","Food supply quantity (kg/capita/yr)","Demersal Fish","2021","kg/cap","0.03"
"Food Balances (2010-)","Pakistan","Food supply quantity (kg/capita/yr)","Demersal Fish","2022","kg/cap","0.03"
"Food Balances (2010-)","Pakistan","Food supply quantity (kg/capita/yr)","Pelagic Fish","2015","kg/cap","0.47"
"Food Balances (2010-)","Pakistan","Food supply quantity (kg/capita/yr)","Pelagic Fish","2016","kg/cap","0.4"
"Food Balances (2010-)","Pakistan","Food supply quantity (kg/capita/yr)","Pelagic Fish","2017","kg/cap","0.39"
"Food Balances (2010-)","Pakistan","Food supply quantity (kg/capita/yr)","Pelagic Fish","2018","kg/cap","0.31"
"Food Balances (2010-)","Pakistan","Food supply quantity (kg/capita/yr)","Pelagic Fish","2019","kg/cap","0.39"
"Food Balances (2010-)","Pakistan","Food supply quantity (kg/capita/yr)","Pelagic Fish","2020","kg/cap","0.39"
"Food Balances (2010-)","Pakistan","Food supply quantity (kg/capita/yr)","Pelagic Fish","2021","kg/cap","0.38"
"Food Balances (2010-)","Pakistan","Food supply quantity (kg/capita/yr)","Pelagic Fish","2022","kg/cap","0.37"
"Food Balances (2010-)","Pakistan","Food supply quantity (kg/capita/yr)","Crustaceans","2015","kg/cap","0.05"
"Food Balances (2010-)","Pakistan","Food supply quantity (kg/capita/yr)","Crustaceans","2016","kg/cap","0.01"
"Food Balances (2010-)","Pakistan","Food supply quantity (kg/capita/yr)","Crustaceans","2017","kg/cap","0.01"
"Food Balances (2010-)","Pakistan","Food supply quantity (kg/capita/yr)","Crustaceans","2018","kg/cap","0.03"
"Food Balances (2010-)","Pakistan","Food supply quantity (kg/capita/yr)","Crustaceans","2019","kg/cap","0.03"
"Food Balances (2010-)","Pakistan","Food supply quantity (kg/capita/yr)","Crustaceans","2020","kg/cap","0.03"
"Food Balances (2010-)","Pakistan","Food supply quantity (kg/capita/yr)","Crustaceans","2021","kg/cap","0.03"
"Food Balances (2010-)","Pakistan","Food supply quantity (kg/capita/yr)","Crustaceans","2022","kg/cap","0.03"
"Food Balances (2010-)","Pakistan","Food supply quantity (kg/capita/yr)","Cephalopods","2015","kg/cap","0.05"
"Food Balances (2010-)","Pakistan","Food supply quantity (kg/capita/yr)","Cephalopods","2016","kg/cap","0.04"
"Food Balances (2010-)","Pakistan","Food supply quantity (kg/capita/yr)","Cephalopods","2017","kg/cap","0.04"
"Food Balances (2010-)","Pakistan","Food supply quantity (kg/capita/yr)","Cephalopods","2018","kg/cap","0.04"
"Food Balances (2010-)","Pakistan","Food supply quantity (kg/capita/yr)","Cephalopods","2019","kg/cap","0.04"
"Food Balances (2010-)","Pakistan","Food supply quantity (kg/capita/yr)","Cephalopods","2020","kg/cap","0.04"
"Food Balances (2010-)","Pakistan","Food supply quantity (kg/capita/yr)","Cephalopods","2021","kg/cap","0.04"
"Food Balances (2010-)","Pakistan","Food supply quantity (kg/capita/yr)","Cephalopods","2022","kg/cap","0.04"
"Food Balances (2010-)","Pakistan","Food supply quantity (kg/capita/yr)","Molluscs, Other","2015","kg/cap","0.01"
"Food Balances (2010-)","Pakistan","Food supply quantity (kg/capita/yr)","Molluscs, Other","2016","kg/cap","0.01"
"Food Balances (2010-)","Pakistan","Food supply quantity (kg/capita/yr)","Molluscs, Other","2017","kg/cap","0.01"
"Food Balances (2010-)","Pakistan","Food supply quantity (kg/capita/yr)","Molluscs, Other","2018","kg/cap","0.01"
"Food Balances (2010-)","Pakistan","Food supply quantity (kg/capita/yr)","Molluscs, Other","2019","kg/cap","0.01"
"Food Balances (2010-)","Pakistan","Food supply quantity (kg/capita/yr)","Molluscs, Other","2020","kg/cap","0.01"
"Food Balances (2010-)","Pakistan","Food supply quantity (kg/capita/yr)","Molluscs, Other","2021","kg/cap","0.01"
"Food Balances (2010-)","Pakistan","Food supply quantity (kg/capita/yr)","Molluscs, Other","2022","kg/cap","0.01"
"Food Balances (2010-)","Pakistan","Food supply quantity (kg/capita/yr)","Aquatic Animals, Others","2015","kg/cap","0.01"
"Food Balances (2010-)","Pakistan","Food supply quantity (kg/capita/yr)","Aquatic Animals, Others","2016","kg/cap","0.01"
"Food Balances (2010-)","Pakistan","Food supply quantity (kg/capita/yr)","Aquatic Animals, Others","2017","kg/cap","0.01"
"Food Balances (2010-)","Pakistan","Food supply quantity (kg/capita/yr)","Aquatic Animals, Others","2018","kg/cap","0.01"
"Food Balances (2010-)","Pakistan","Food supply quantity (kg/capita/yr)","Aquatic Animals, Others","2019","kg/cap","0.01"
"Food Balances (2010-)","Pakistan","Food supply quantity (kg/capita/yr)","Aquatic Animals, Others","2020","kg/cap","0.01"
"Food Balances (2010-)","Pakistan","Food supply quantity (kg/capita/yr)","Aquatic Animals, Others","2021","kg/cap","0.01"
"Food Balances (2010-)","Pakistan","Food supply quantity (kg/capita/yr)","Aquatic Animals, Others","2022","kg/cap","0.01"
"Food Balances (2010-)","Pakistan","Food supply quantity (kg/capita/yr)","Infant food","2015","kg/cap","0.04"
"Food Balances (2010-)","Pakistan","Food supply quantity (kg/capita/yr)","Infant food","2016","kg/cap","0.06"
"Food Balances (2010-)","Pakistan","Food supply quantity (kg/capita/yr)","Infant food","2017","kg/cap","0.07"
"Food Balances (2010-)","Pakistan","Food supply quantity (kg/capita/yr)","Infant food","2018","kg/cap","0.1"
"Food Balances (2010-)","Pakistan","Food supply quantity (kg/capita/yr)","Infant food","2019","kg/cap","0.06"
"Food Balances (2010-)","Pakistan","Food supply quantity (kg/capita/yr)","Infant food","2020","kg/cap","0.03"
"Food Balances (2010-)","Pakistan","Food supply quantity (kg/capita/yr)","Infant food","2021","kg/cap","0.03"
"Food Balances (2010-)","Pakistan","Food supply quantity (kg/capita/yr)","Infant food","2022","kg/cap","0.04"
"Food Balances (2010-)","Pakistan","Food supply quantity (kg/capita/yr)","Miscellaneous","2015","kg/cap","0"
"Food Balances (2010-)","Pakistan","Food supply quantity (kg/capita/yr)","Miscellaneous","2016","kg/cap","0.02"
"Food Balances (2010-)","Pakistan","Food supply quantity (kg/capita/yr)","Miscellaneous","2017","kg/cap","0.04"
"Food Balances (2010-)","Pakistan","Food supply quantity (kg/capita/yr)","Miscellaneous","2018","kg/cap","0.05"
"Food Balances (2010-)","Pakistan","Food supply quantity (kg/capita/yr)","Miscellaneous","2019","kg/cap","0.04"
"Food Balances (2010-)","Pakistan","Food supply quantity (kg/capita/yr)","Miscellaneous","2020","kg/cap","0.01"
"Food Balances (2010-)","Pakistan","Food supply quantity (kg/capita/yr)","Miscellaneous","2021","kg/cap","0"
"Food Balances (2010-)","Pakistan","Food supply quantity (kg/capita/yr)","Miscellaneous","2022","kg/cap","0"
